<preCompilationAnalysis file="../src/main.xc">
<fDef name="DataInStream" global="true" noreturn="false" doNotSpecialize="false" numParams="3"/>
<fDef name="DataOutStream" global="true" noreturn="false" doNotSpecialize="false" numParams="2"/>
<fDef name="_safe_memcmp" global="true" noreturn="false" doNotSpecialize="true" numParams="3"/>
<fDef name="_safe_memmove" global="true" noreturn="false" doNotSpecialize="true" numParams="3"/>
<fDef name="_safe_memset" global="true" noreturn="false" doNotSpecialize="true" numParams="3"/>
<fDef name="ack_read_request" global="true" interface="i2c_slave_callback_if" noreturn="false" doNotSpecialize="false" numParams="0"/>
<fDef name="ack_write_request" global="true" interface="i2c_slave_callback_if" noreturn="false" doNotSpecialize="false" numParams="0"/>
<fDef name="acoshl" global="true" noreturn="false" doNotSpecialize="true" numParams="1"/>
<fDef name="acosl" global="true" noreturn="false" doNotSpecialize="true" numParams="1"/>
<fDef name="asWorker" global="true" noreturn="false" doNotSpecialize="false" numParams="1"/>
<fDef name="asinhl" global="true" noreturn="false" doNotSpecialize="true" numParams="1"/>
<fDef name="asinl" global="true" noreturn="false" doNotSpecialize="true" numParams="1"/>
<fDef name="atan2l" global="true" noreturn="false" doNotSpecialize="true" numParams="2"/>
<fDef name="atanhl" global="true" noreturn="false" doNotSpecialize="true" numParams="1"/>
<fDef name="atanl" global="true" noreturn="false" doNotSpecialize="true" numParams="1"/>
<fDef name="bitSet" global="true" noreturn="false" doNotSpecialize="false" numParams="2"/>
<fDef name="cbrtl" global="true" noreturn="false" doNotSpecialize="true" numParams="1"/>
<fDef name="ceill" global="true" noreturn="false" doNotSpecialize="true" numParams="1"/>
<fDef name="copysignl" global="true" noreturn="false" doNotSpecialize="true" numParams="2"/>
<fDef name="coshl" global="true" noreturn="false" doNotSpecialize="true" numParams="1"/>
<fDef name="cosl" global="true" noreturn="false" doNotSpecialize="true" numParams="1"/>
<fDef name="delay_microseconds" global="true" noreturn="false" doNotSpecialize="true" numParams="1"/>
<fDef name="delay_milliseconds" global="true" noreturn="false" doNotSpecialize="true" numParams="1"/>
<fDef name="delay_seconds" global="true" noreturn="false" doNotSpecialize="true" numParams="1"/>
<fDef name="distributor" global="true" noreturn="false" doNotSpecialize="false" numParams="8"/>
<fDef name="erfcl" global="true" noreturn="false" doNotSpecialize="true" numParams="1"/>
<fDef name="erfl" global="true" noreturn="false" doNotSpecialize="true" numParams="1"/>
<fDef name="exp2l" global="true" noreturn="false" doNotSpecialize="true" numParams="1"/>
<fDef name="expl" global="true" noreturn="false" doNotSpecialize="true" numParams="1"/>
<fDef name="expm1l" global="true" noreturn="false" doNotSpecialize="true" numParams="1"/>
<fDef name="fabsl" global="true" noreturn="false" doNotSpecialize="true" numParams="1"/>
<fDef name="fdiml" global="true" noreturn="false" doNotSpecialize="true" numParams="2"/>
<fDef name="floorl" global="true" noreturn="false" doNotSpecialize="true" numParams="1"/>
<fDef name="fmal" global="true" noreturn="false" doNotSpecialize="true" numParams="3"/>
<fDef name="fmaxl" global="true" noreturn="false" doNotSpecialize="true" numParams="2"/>
<fDef name="fminl" global="true" noreturn="false" doNotSpecialize="true" numParams="2"/>
<fDef name="fmodl" global="true" noreturn="false" doNotSpecialize="true" numParams="2"/>
<fDef name="frexpl" global="true" noreturn="false" doNotSpecialize="true" numParams="2"/>
<fDef name="get_read_data" global="true" interface="i2c_master_async_if" noreturn="false" doNotSpecialize="false" numParams="2"/>
<fDef name="get_write_result" global="true" interface="i2c_master_async_if" noreturn="false" doNotSpecialize="false" numParams="1"/>
<fDef name="hypotl" global="true" noreturn="false" doNotSpecialize="true" numParams="2"/>
<fDef name="ilogbl" global="true" noreturn="false" doNotSpecialize="true" numParams="1"/>
<fDef name="ldexpl" global="true" noreturn="false" doNotSpecialize="true" numParams="2"/>
<fDef name="lgammal" global="true" noreturn="false" doNotSpecialize="true" numParams="1"/>
<fDef name="llrintl" global="true" noreturn="false" doNotSpecialize="true" numParams="1"/>
<fDef name="llroundl" global="true" noreturn="false" doNotSpecialize="true" numParams="1"/>
<fDef name="log10l" global="true" noreturn="false" doNotSpecialize="true" numParams="1"/>
<fDef name="log1pl" global="true" noreturn="false" doNotSpecialize="true" numParams="1"/>
<fDef name="log2" global="true" noreturn="false" doNotSpecialize="true" numParams="1"/>
<fDef name="log2f" global="true" noreturn="false" doNotSpecialize="true" numParams="1"/>
<fDef name="log2l" global="true" noreturn="false" doNotSpecialize="true" numParams="1"/>
<fDef name="logbl" global="true" noreturn="false" doNotSpecialize="true" numParams="1"/>
<fDef name="logl" global="true" noreturn="false" doNotSpecialize="true" numParams="1"/>
<fDef name="lrintl" global="true" noreturn="false" doNotSpecialize="true" numParams="1"/>
<fDef name="lroundl" global="true" noreturn="false" doNotSpecialize="true" numParams="1"/>
<fDef name="main" global="true" noreturn="false" doNotSpecialize="false" numParams="0"/>
<fDef name="master_requires_data" global="true" interface="i2c_slave_callback_if" noreturn="false" doNotSpecialize="false" numParams="0"/>
<fDef name="master_sent_data" global="true" interface="i2c_slave_callback_if" noreturn="false" doNotSpecialize="false" numParams="1"/>
<fDef name="mod" global="true" noreturn="false" doNotSpecialize="false" numParams="2"/>
<fDef name="modfl" global="true" noreturn="false" doNotSpecialize="true" numParams="2"/>
<fDef name="moreNeighboursLeft" global="true" noreturn="false" doNotSpecialize="false" numParams="7"/>
<fDef name="moreNeighboursRight" global="true" noreturn="false" doNotSpecialize="false" numParams="7"/>
<fDef name="mytimer" global="true" noreturn="false" doNotSpecialize="false" numParams="1"/>
<fDef name="nanl" global="true" noreturn="false" doNotSpecialize="true" numParams="1"/>
<fDef name="nearbyintl" global="true" noreturn="false" doNotSpecialize="true" numParams="1"/>
<fDef name="neighbours" global="true" noreturn="false" doNotSpecialize="false" numParams="4"/>
<fDef name="nextafterl" global="true" noreturn="false" doNotSpecialize="true" numParams="2"/>
<fDef name="nexttoward" global="true" noreturn="false" doNotSpecialize="true" numParams="2"/>
<fDef name="nexttowardf" global="true" noreturn="false" doNotSpecialize="true" numParams="2"/>
<fDef name="nexttowardl" global="true" noreturn="false" doNotSpecialize="true" numParams="2"/>
<fDef name="operation_complete" global="true" interface="i2c_master_async_if" noreturn="false" doNotSpecialize="false" numParams="0"/>
<fDef name="orientation" global="true" noreturn="false" doNotSpecialize="false" numParams="2"/>
<fDef name="powl" global="true" noreturn="false" doNotSpecialize="true" numParams="2"/>
<fDef name="read" global="true" interface="i2c_master_async_if" noreturn="false" doNotSpecialize="false" numParams="3"/>
<fDef name="read" global="true" interface="i2c_master_if" noreturn="false" doNotSpecialize="false" numParams="4"/>
<fDef name="read_reg" global="true" interface="i2c_master_if" noreturn="false" doNotSpecialize="true" numParams="4"/>
<fDef name="read_reg16" global="true" interface="i2c_master_if" noreturn="false" doNotSpecialize="true" numParams="4"/>
<fDef name="read_reg16_addr8" global="true" interface="i2c_master_if" noreturn="false" doNotSpecialize="true" numParams="4"/>
<fDef name="read_reg8_addr16" global="true" interface="i2c_master_if" noreturn="false" doNotSpecialize="true" numParams="4"/>
<fDef name="remainderl" global="true" noreturn="false" doNotSpecialize="true" numParams="2"/>
<fDef name="remquol" global="true" noreturn="false" doNotSpecialize="true" numParams="3"/>
<fDef name="rintl" global="true" noreturn="false" doNotSpecialize="true" numParams="1"/>
<fDef name="roundl" global="true" noreturn="false" doNotSpecialize="true" numParams="1"/>
<fDef name="scalblnl" global="true" noreturn="false" doNotSpecialize="true" numParams="2"/>
<fDef name="scalbnl" global="true" noreturn="false" doNotSpecialize="true" numParams="2"/>
<fDef name="send_stop_bit" global="true" interface="i2c_master_async_if" noreturn="false" doNotSpecialize="false" numParams="0"/>
<fDef name="send_stop_bit" global="true" interface="i2c_master_if" noreturn="false" doNotSpecialize="false" numParams="0"/>
<fDef name="showLEDs" global="true" noreturn="false" doNotSpecialize="false" numParams="4"/>
<fDef name="shutdown" global="true" interface="i2c_master_async_if" noreturn="false" doNotSpecialize="false" numParams="0"/>
<fDef name="shutdown" global="true" interface="i2c_master_if" noreturn="false" doNotSpecialize="false" numParams="0"/>
<fDef name="shutdown" global="true" interface="i2c_slave_callback_if" noreturn="false" doNotSpecialize="false" numParams="0"/>
<fDef name="sinhl" global="true" noreturn="false" doNotSpecialize="true" numParams="1"/>
<fDef name="sinl" global="true" noreturn="false" doNotSpecialize="true" numParams="1"/>
<fDef name="sqrtl" global="true" noreturn="false" doNotSpecialize="true" numParams="1"/>
<fDef name="startButtonListener" global="true" noreturn="false" doNotSpecialize="false" numParams="3"/>
<fDef name="start_master_read" global="true" interface="i2c_slave_callback_if" noreturn="false" doNotSpecialize="false" numParams="0"/>
<fDef name="start_master_write" global="true" interface="i2c_slave_callback_if" noreturn="false" doNotSpecialize="false" numParams="0"/>
<fDef name="start_read_request" global="true" interface="i2c_slave_callback_if" noreturn="false" doNotSpecialize="false" numParams="0"/>
<fDef name="start_write_request" global="true" interface="i2c_slave_callback_if" noreturn="false" doNotSpecialize="false" numParams="0"/>
<fDef name="stop_bit" global="true" interface="i2c_slave_callback_if" noreturn="false" doNotSpecialize="false" numParams="0"/>
<fDef name="tanhl" global="true" noreturn="false" doNotSpecialize="true" numParams="1"/>
<fDef name="tanl" global="true" noreturn="false" doNotSpecialize="true" numParams="1"/>
<fDef name="tgammal" global="true" noreturn="false" doNotSpecialize="true" numParams="1"/>
<fDef name="truncl" global="true" noreturn="false" doNotSpecialize="true" numParams="1"/>
<fDef name="worker" global="true" noreturn="false" doNotSpecialize="false" numParams="1"/>
<fDef name="write" global="true" interface="i2c_master_async_if" noreturn="false" doNotSpecialize="false" numParams="4"/>
<fDef name="write" global="true" interface="i2c_master_if" noreturn="false" doNotSpecialize="false" numParams="5"/>
<fDef name="write_reg" global="true" interface="i2c_master_if" noreturn="false" doNotSpecialize="true" numParams="4"/>
<fDef name="write_reg16" global="true" interface="i2c_master_if" noreturn="false" doNotSpecialize="true" numParams="4"/>
<fDef name="write_reg16_addr8" global="true" interface="i2c_master_if" noreturn="false" doNotSpecialize="true" numParams="4"/>
<fDef name="write_reg8_addr16" global="true" interface="i2c_master_if" noreturn="false" doNotSpecialize="true" numParams="4"/>
<fCall name="delay_ticks_longlong" global="true" numArgs="1">
  <arg num="0">
    <values>
      <value type="unknown"/>
    </values>
  </arg>
</fCall>
<fCall name="delay_ticks_longlong" global="true" numArgs="1">
  <arg num="0">
    <values>
      <value type="unknown"/>
    </values>
  </arg>
</fCall>
<fCall name="delay_ticks_longlong" global="true" numArgs="1">
  <arg num="0">
    <values>
      <value type="unknown"/>
    </values>
  </arg>
</fCall>
<fCall name="memcmp" global="true" numArgs="3">
  <arg num="0">
    <values>
      <value type="unknown"/>
    </values>
  </arg>
  <arg num="1">
    <values>
      <value type="unknown"/>
    </values>
  </arg>
  <arg num="2">
    <passThroughArg param="2" caller="_safe_memcmp" global="true"/>
    <values>
    </values>
  </arg>
</fCall>
<fCall name="__builtin_array_bound" global="true" numArgs="1">
  <arg num="0">
    <values>
      <value type="unknown"/>
    </values>
  </arg>
</fCall>
<fCall name="__builtin_trap" global="true" numArgs="0">
</fCall>
<fCall name="memmove" global="true" numArgs="3">
  <arg num="0">
    <values>
      <value type="unknown"/>
    </values>
  </arg>
  <arg num="1">
    <values>
      <value type="unknown"/>
    </values>
  </arg>
  <arg num="2">
    <passThroughArg param="2" caller="_safe_memmove" global="true"/>
    <values>
    </values>
  </arg>
</fCall>
<fCall name="__builtin_array_bound" global="true" numArgs="1">
  <arg num="0">
    <values>
      <value type="unknown"/>
    </values>
  </arg>
</fCall>
<fCall name="__builtin_trap" global="true" numArgs="0">
</fCall>
<fCall name="memset" global="true" numArgs="3">
  <arg num="0">
    <values>
      <value type="unknown"/>
    </values>
  </arg>
  <arg num="1">
    <passThroughArg param="1" caller="_safe_memset" global="true"/>
    <values>
    </values>
  </arg>
  <arg num="2">
    <passThroughArg param="2" caller="_safe_memset" global="true"/>
    <values>
    </values>
  </arg>
</fCall>
<fCall name="write" global="true" interface="i2c_master_if" numArgs="5">
  <arg num="0">
    <passThroughArg param="1" caller="read_reg" global="true" interface="i2c_master_if"/>
    <values>
    </values>
  </arg>
  <arg num="1">
    <values>
      <value type="unknown"/>
    </values>
  </arg>
  <arg num="2">
    <values>
      <value type="intval"><intval isSigned="true" val="1"/></value>
    </values>
  </arg>
  <arg num="3">
    <values>
      <value type="unknown"/>
    </values>
  </arg>
  <arg num="4">
    <values>
      <value type="intval"><intval isSigned="true" val="0"/></value>
    </values>
  </arg>
</fCall>
<fCall name="send_stop_bit" global="true" interface="i2c_master_if" numArgs="0">
</fCall>
<fCall name="read" global="true" interface="i2c_master_if" numArgs="4">
  <arg num="0">
    <passThroughArg param="1" caller="read_reg" global="true" interface="i2c_master_if"/>
    <values>
    </values>
  </arg>
  <arg num="1">
    <values>
      <value type="unknown"/>
    </values>
  </arg>
  <arg num="2">
    <values>
      <value type="intval"><intval isSigned="true" val="1"/></value>
    </values>
  </arg>
  <arg num="3">
    <values>
      <value type="intval"><intval isSigned="true" val="1"/></value>
    </values>
  </arg>
</fCall>
<fCall name="write" global="true" interface="i2c_master_if" numArgs="5">
  <arg num="0">
    <passThroughArg param="1" caller="write_reg" global="true" interface="i2c_master_if"/>
    <values>
    </values>
  </arg>
  <arg num="1">
    <values>
      <value type="unknown"/>
    </values>
  </arg>
  <arg num="2">
    <values>
      <value type="intval"><intval isSigned="true" val="2"/></value>
    </values>
  </arg>
  <arg num="3">
    <values>
      <value type="unknown"/>
    </values>
  </arg>
  <arg num="4">
    <values>
      <value type="intval"><intval isSigned="true" val="1"/></value>
    </values>
  </arg>
</fCall>
<fCall name="write" global="true" interface="i2c_master_if" numArgs="5">
  <arg num="0">
    <passThroughArg param="1" caller="read_reg8_addr16" global="true" interface="i2c_master_if"/>
    <values>
    </values>
  </arg>
  <arg num="1">
    <values>
      <value type="unknown"/>
    </values>
  </arg>
  <arg num="2">
    <values>
      <value type="intval"><intval isSigned="true" val="2"/></value>
    </values>
  </arg>
  <arg num="3">
    <values>
      <value type="unknown"/>
    </values>
  </arg>
  <arg num="4">
    <values>
      <value type="intval"><intval isSigned="true" val="0"/></value>
    </values>
  </arg>
</fCall>
<fCall name="send_stop_bit" global="true" interface="i2c_master_if" numArgs="0">
</fCall>
<fCall name="read" global="true" interface="i2c_master_if" numArgs="4">
  <arg num="0">
    <passThroughArg param="1" caller="read_reg8_addr16" global="true" interface="i2c_master_if"/>
    <values>
    </values>
  </arg>
  <arg num="1">
    <values>
      <value type="unknown"/>
    </values>
  </arg>
  <arg num="2">
    <values>
      <value type="intval"><intval isSigned="true" val="1"/></value>
    </values>
  </arg>
  <arg num="3">
    <values>
      <value type="intval"><intval isSigned="true" val="1"/></value>
    </values>
  </arg>
</fCall>
<fCall name="write" global="true" interface="i2c_master_if" numArgs="5">
  <arg num="0">
    <passThroughArg param="1" caller="write_reg8_addr16" global="true" interface="i2c_master_if"/>
    <values>
    </values>
  </arg>
  <arg num="1">
    <values>
      <value type="unknown"/>
    </values>
  </arg>
  <arg num="2">
    <values>
      <value type="intval"><intval isSigned="true" val="3"/></value>
    </values>
  </arg>
  <arg num="3">
    <values>
      <value type="unknown"/>
    </values>
  </arg>
  <arg num="4">
    <values>
      <value type="intval"><intval isSigned="true" val="1"/></value>
    </values>
  </arg>
</fCall>
<fCall name="write" global="true" interface="i2c_master_if" numArgs="5">
  <arg num="0">
    <passThroughArg param="1" caller="read_reg16" global="true" interface="i2c_master_if"/>
    <values>
    </values>
  </arg>
  <arg num="1">
    <values>
      <value type="unknown"/>
    </values>
  </arg>
  <arg num="2">
    <values>
      <value type="intval"><intval isSigned="true" val="2"/></value>
    </values>
  </arg>
  <arg num="3">
    <values>
      <value type="unknown"/>
    </values>
  </arg>
  <arg num="4">
    <values>
      <value type="intval"><intval isSigned="true" val="0"/></value>
    </values>
  </arg>
</fCall>
<fCall name="send_stop_bit" global="true" interface="i2c_master_if" numArgs="0">
</fCall>
<fCall name="read" global="true" interface="i2c_master_if" numArgs="4">
  <arg num="0">
    <passThroughArg param="1" caller="read_reg16" global="true" interface="i2c_master_if"/>
    <values>
    </values>
  </arg>
  <arg num="1">
    <values>
      <value type="unknown"/>
    </values>
  </arg>
  <arg num="2">
    <values>
      <value type="intval"><intval isSigned="true" val="2"/></value>
    </values>
  </arg>
  <arg num="3">
    <values>
      <value type="intval"><intval isSigned="true" val="1"/></value>
    </values>
  </arg>
</fCall>
<fCall name="write" global="true" interface="i2c_master_if" numArgs="5">
  <arg num="0">
    <passThroughArg param="1" caller="write_reg16" global="true" interface="i2c_master_if"/>
    <values>
    </values>
  </arg>
  <arg num="1">
    <values>
      <value type="unknown"/>
    </values>
  </arg>
  <arg num="2">
    <values>
      <value type="intval"><intval isSigned="true" val="4"/></value>
    </values>
  </arg>
  <arg num="3">
    <values>
      <value type="unknown"/>
    </values>
  </arg>
  <arg num="4">
    <values>
      <value type="intval"><intval isSigned="true" val="1"/></value>
    </values>
  </arg>
</fCall>
<fCall name="write" global="true" interface="i2c_master_if" numArgs="5">
  <arg num="0">
    <passThroughArg param="1" caller="read_reg16_addr8" global="true" interface="i2c_master_if"/>
    <values>
    </values>
  </arg>
  <arg num="1">
    <values>
      <value type="unknown"/>
    </values>
  </arg>
  <arg num="2">
    <values>
      <value type="intval"><intval isSigned="true" val="1"/></value>
    </values>
  </arg>
  <arg num="3">
    <values>
      <value type="unknown"/>
    </values>
  </arg>
  <arg num="4">
    <values>
      <value type="intval"><intval isSigned="true" val="0"/></value>
    </values>
  </arg>
</fCall>
<fCall name="send_stop_bit" global="true" interface="i2c_master_if" numArgs="0">
</fCall>
<fCall name="read" global="true" interface="i2c_master_if" numArgs="4">
  <arg num="0">
    <passThroughArg param="1" caller="read_reg16_addr8" global="true" interface="i2c_master_if"/>
    <values>
    </values>
  </arg>
  <arg num="1">
    <values>
      <value type="unknown"/>
    </values>
  </arg>
  <arg num="2">
    <values>
      <value type="intval"><intval isSigned="true" val="2"/></value>
    </values>
  </arg>
  <arg num="3">
    <values>
      <value type="intval"><intval isSigned="true" val="1"/></value>
    </values>
  </arg>
</fCall>
<fCall name="write" global="true" interface="i2c_master_if" numArgs="5">
  <arg num="0">
    <passThroughArg param="1" caller="write_reg16_addr8" global="true" interface="i2c_master_if"/>
    <values>
    </values>
  </arg>
  <arg num="1">
    <values>
      <value type="unknown"/>
    </values>
  </arg>
  <arg num="2">
    <values>
      <value type="intval"><intval isSigned="true" val="3"/></value>
    </values>
  </arg>
  <arg num="3">
    <values>
      <value type="unknown"/>
    </values>
  </arg>
  <arg num="4">
    <values>
      <value type="intval"><intval isSigned="true" val="1"/></value>
    </values>
  </arg>
</fCall>
<fCall name="atan" global="true" numArgs="1">
  <arg num="0">
    <values>
      <value type="unknown"/>
    </values>
  </arg>
</fCall>
<fCall name="cos" global="true" numArgs="1">
  <arg num="0">
    <values>
      <value type="unknown"/>
    </values>
  </arg>
</fCall>
<fCall name="sin" global="true" numArgs="1">
  <arg num="0">
    <values>
      <value type="unknown"/>
    </values>
  </arg>
</fCall>
<fCall name="tan" global="true" numArgs="1">
  <arg num="0">
    <values>
      <value type="unknown"/>
    </values>
  </arg>
</fCall>
<fCall name="tanh" global="true" numArgs="1">
  <arg num="0">
    <values>
      <value type="unknown"/>
    </values>
  </arg>
</fCall>
<fCall name="frexp" global="true" numArgs="2">
  <arg num="0">
    <values>
      <value type="unknown"/>
    </values>
  </arg>
  <arg num="1">
    <passThroughArg param="1" caller="frexpl" global="true"/>
    <values>
    </values>
  </arg>
</fCall>
<fCall name="modf" global="true" numArgs="2">
  <arg num="0">
    <values>
      <value type="unknown"/>
    </values>
  </arg>
  <arg num="1">
    <values>
      <value type="unknown"/>
    </values>
  </arg>
</fCall>
<fCall name="ceil" global="true" numArgs="1">
  <arg num="0">
    <values>
      <value type="unknown"/>
    </values>
  </arg>
</fCall>
<fCall name="fabs" global="true" numArgs="1">
  <arg num="0">
    <values>
      <value type="unknown"/>
    </values>
  </arg>
</fCall>
<fCall name="floor" global="true" numArgs="1">
  <arg num="0">
    <values>
      <value type="unknown"/>
    </values>
  </arg>
</fCall>
<fCall name="log1p" global="true" numArgs="1">
  <arg num="0">
    <values>
      <value type="unknown"/>
    </values>
  </arg>
</fCall>
<fCall name="expm1" global="true" numArgs="1">
  <arg num="0">
    <values>
      <value type="unknown"/>
    </values>
  </arg>
</fCall>
<fCall name="acos" global="true" numArgs="1">
  <arg num="0">
    <values>
      <value type="unknown"/>
    </values>
  </arg>
</fCall>
<fCall name="asin" global="true" numArgs="1">
  <arg num="0">
    <values>
      <value type="unknown"/>
    </values>
  </arg>
</fCall>
<fCall name="atan2" global="true" numArgs="2">
  <arg num="0">
    <values>
      <value type="unknown"/>
    </values>
  </arg>
  <arg num="1">
    <values>
      <value type="unknown"/>
    </values>
  </arg>
</fCall>
<fCall name="cosh" global="true" numArgs="1">
  <arg num="0">
    <values>
      <value type="unknown"/>
    </values>
  </arg>
</fCall>
<fCall name="sinh" global="true" numArgs="1">
  <arg num="0">
    <values>
      <value type="unknown"/>
    </values>
  </arg>
</fCall>
<fCall name="exp" global="true" numArgs="1">
  <arg num="0">
    <values>
      <value type="unknown"/>
    </values>
  </arg>
</fCall>
<fCall name="ldexp" global="true" numArgs="2">
  <arg num="0">
    <values>
      <value type="unknown"/>
    </values>
  </arg>
  <arg num="1">
    <passThroughArg param="1" caller="ldexpl" global="true"/>
    <values>
    </values>
  </arg>
</fCall>
<fCall name="log" global="true" numArgs="1">
  <arg num="0">
    <values>
      <value type="unknown"/>
    </values>
  </arg>
</fCall>
<fCall name="log10" global="true" numArgs="1">
  <arg num="0">
    <values>
      <value type="unknown"/>
    </values>
  </arg>
</fCall>
<fCall name="log" global="true" numArgs="1">
  <arg num="0">
    <passThroughArg param="0" caller="log2" global="true"/>
    <values>
    </values>
  </arg>
</fCall>
<fCall name="logf" global="true" numArgs="1">
  <arg num="0">
    <passThroughArg param="0" caller="log2f" global="true"/>
    <values>
    </values>
  </arg>
</fCall>
<fCall name="log" global="true" numArgs="1">
  <arg num="0">
    <values>
      <value type="unknown"/>
    </values>
  </arg>
</fCall>
<fCall name="pow" global="true" numArgs="2">
  <arg num="0">
    <values>
      <value type="unknown"/>
    </values>
  </arg>
  <arg num="1">
    <values>
      <value type="unknown"/>
    </values>
  </arg>
</fCall>
<fCall name="sqrt" global="true" numArgs="1">
  <arg num="0">
    <values>
      <value type="unknown"/>
    </values>
  </arg>
</fCall>
<fCall name="fmod" global="true" numArgs="2">
  <arg num="0">
    <values>
      <value type="unknown"/>
    </values>
  </arg>
  <arg num="1">
    <values>
      <value type="unknown"/>
    </values>
  </arg>
</fCall>
<fCall name="hypot" global="true" numArgs="2">
  <arg num="0">
    <values>
      <value type="unknown"/>
    </values>
  </arg>
  <arg num="1">
    <values>
      <value type="unknown"/>
    </values>
  </arg>
</fCall>
<fCall name="copysign" global="true" numArgs="2">
  <arg num="0">
    <values>
      <value type="unknown"/>
    </values>
  </arg>
  <arg num="1">
    <values>
      <value type="unknown"/>
    </values>
  </arg>
</fCall>
<fCall name="nan" global="true" numArgs="1">
  <arg num="0">
    <passThroughArg param="0" caller="nanl" global="true"/>
    <values>
    </values>
  </arg>
</fCall>
<fCall name="ilogb" global="true" numArgs="1">
  <arg num="0">
    <values>
      <value type="unknown"/>
    </values>
  </arg>
</fCall>
<fCall name="logb" global="true" numArgs="1">
  <arg num="0">
    <values>
      <value type="unknown"/>
    </values>
  </arg>
</fCall>
<fCall name="asinh" global="true" numArgs="1">
  <arg num="0">
    <values>
      <value type="unknown"/>
    </values>
  </arg>
</fCall>
<fCall name="cbrt" global="true" numArgs="1">
  <arg num="0">
    <values>
      <value type="unknown"/>
    </values>
  </arg>
</fCall>
<fCall name="nextafter" global="true" numArgs="2">
  <arg num="0">
    <values>
      <value type="unknown"/>
    </values>
  </arg>
  <arg num="1">
    <values>
      <value type="unknown"/>
    </values>
  </arg>
</fCall>
<fCall name="nextafter" global="true" numArgs="2">
  <arg num="0">
    <passThroughArg param="0" caller="nexttoward" global="true"/>
    <values>
    </values>
  </arg>
  <arg num="1">
    <values>
      <value type="unknown"/>
    </values>
  </arg>
</fCall>
<fCall name="nextafterf" global="true" numArgs="2">
  <arg num="0">
    <passThroughArg param="0" caller="nexttowardf" global="true"/>
    <values>
    </values>
  </arg>
  <arg num="1">
    <values>
      <value type="unknown"/>
    </values>
  </arg>
</fCall>
<fCall name="nextafterl" global="true" numArgs="2">
  <arg num="0">
    <passThroughArg param="0" caller="nexttowardl" global="true"/>
    <values>
    </values>
  </arg>
  <arg num="1">
    <passThroughArg param="1" caller="nexttowardl" global="true"/>
    <values>
    </values>
  </arg>
</fCall>
<fCall name="rint" global="true" numArgs="1">
  <arg num="0">
    <values>
      <value type="unknown"/>
    </values>
  </arg>
</fCall>
<fCall name="scalbn" global="true" numArgs="2">
  <arg num="0">
    <values>
      <value type="unknown"/>
    </values>
  </arg>
  <arg num="1">
    <passThroughArg param="1" caller="scalbnl" global="true"/>
    <values>
    </values>
  </arg>
</fCall>
<fCall name="exp2" global="true" numArgs="1">
  <arg num="0">
    <values>
      <value type="unknown"/>
    </values>
  </arg>
</fCall>
<fCall name="scalbln" global="true" numArgs="2">
  <arg num="0">
    <values>
      <value type="unknown"/>
    </values>
  </arg>
  <arg num="1">
    <passThroughArg param="1" caller="scalblnl" global="true"/>
    <values>
    </values>
  </arg>
</fCall>
<fCall name="tgamma" global="true" numArgs="1">
  <arg num="0">
    <values>
      <value type="unknown"/>
    </values>
  </arg>
</fCall>
<fCall name="nearbyint" global="true" numArgs="1">
  <arg num="0">
    <values>
      <value type="unknown"/>
    </values>
  </arg>
</fCall>
<fCall name="lrint" global="true" numArgs="1">
  <arg num="0">
    <values>
      <value type="unknown"/>
    </values>
  </arg>
</fCall>
<fCall name="llrint" global="true" numArgs="1">
  <arg num="0">
    <values>
      <value type="unknown"/>
    </values>
  </arg>
</fCall>
<fCall name="round" global="true" numArgs="1">
  <arg num="0">
    <values>
      <value type="unknown"/>
    </values>
  </arg>
</fCall>
<fCall name="lround" global="true" numArgs="1">
  <arg num="0">
    <values>
      <value type="unknown"/>
    </values>
  </arg>
</fCall>
<fCall name="llround" global="true" numArgs="1">
  <arg num="0">
    <values>
      <value type="unknown"/>
    </values>
  </arg>
</fCall>
<fCall name="truncl" global="true" numArgs="1">
  <arg num="0">
    <passThroughArg param="0" caller="truncl" global="true"/>
    <values>
    </values>
  </arg>
</fCall>
<fCall name="remquo" global="true" numArgs="3">
  <arg num="0">
    <values>
      <value type="unknown"/>
    </values>
  </arg>
  <arg num="1">
    <values>
      <value type="unknown"/>
    </values>
  </arg>
  <arg num="2">
    <passThroughArg param="2" caller="remquol" global="true"/>
    <values>
    </values>
  </arg>
</fCall>
<fCall name="fdim" global="true" numArgs="2">
  <arg num="0">
    <values>
      <value type="unknown"/>
    </values>
  </arg>
  <arg num="1">
    <values>
      <value type="unknown"/>
    </values>
  </arg>
</fCall>
<fCall name="fmax" global="true" numArgs="2">
  <arg num="0">
    <values>
      <value type="unknown"/>
    </values>
  </arg>
  <arg num="1">
    <values>
      <value type="unknown"/>
    </values>
  </arg>
</fCall>
<fCall name="fmin" global="true" numArgs="2">
  <arg num="0">
    <values>
      <value type="unknown"/>
    </values>
  </arg>
  <arg num="1">
    <values>
      <value type="unknown"/>
    </values>
  </arg>
</fCall>
<fCall name="fma" global="true" numArgs="3">
  <arg num="0">
    <values>
      <value type="unknown"/>
    </values>
  </arg>
  <arg num="1">
    <values>
      <value type="unknown"/>
    </values>
  </arg>
  <arg num="2">
    <values>
      <value type="unknown"/>
    </values>
  </arg>
</fCall>
<fCall name="acosh" global="true" numArgs="1">
  <arg num="0">
    <values>
      <value type="unknown"/>
    </values>
  </arg>
</fCall>
<fCall name="atanh" global="true" numArgs="1">
  <arg num="0">
    <values>
      <value type="unknown"/>
    </values>
  </arg>
</fCall>
<fCall name="remainder" global="true" numArgs="2">
  <arg num="0">
    <values>
      <value type="unknown"/>
    </values>
  </arg>
  <arg num="1">
    <values>
      <value type="unknown"/>
    </values>
  </arg>
</fCall>
<fCall name="lgamma" global="true" numArgs="1">
  <arg num="0">
    <values>
      <value type="unknown"/>
    </values>
  </arg>
</fCall>
<fCall name="erf" global="true" numArgs="1">
  <arg num="0">
    <values>
      <value type="unknown"/>
    </values>
  </arg>
</fCall>
<fCall name="erfc" global="true" numArgs="1">
  <arg num="0">
    <values>
      <value type="unknown"/>
    </values>
  </arg>
</fCall>
<fCall name="__builtin_pins_eq" global="true" numArgs="2">
  <arg num="0">
    <values>
      <value type="unknown"/>
    </values>
  </arg>
  <arg num="1">
    <values>
      <value type="intval"><intval isSigned="true" val="15"/></value>
    </values>
  </arg>
</fCall>
<fCall name="__builtin_pins_ne" global="true" numArgs="2">
  <arg num="0">
    <values>
      <value type="unknown"/>
    </values>
  </arg>
  <arg num="1">
    <values>
      <value type="intval"><intval isSigned="true" val="15"/></value>
    </values>
  </arg>
</fCall>
<fCall name="printf" global="true" numArgs="1">
  <arg num="0">
    <values>
      <value type="unknown"/>
    </values>
  </arg>
</fCall>
<fCall name="printf" global="true" numArgs="1">
  <arg num="0">
    <values>
      <value type="unknown"/>
    </values>
  </arg>
</fCall>
<fCall name="_openinpgm" global="true" numArgs="3">
  <arg num="0">
    <values>
      <value type="unknown"/>
    </values>
  </arg>
  <arg num="1">
    <values>
      <value type="intval"><intval isSigned="true" val="128"/></value>
    </values>
  </arg>
  <arg num="2">
    <values>
      <value type="intval"><intval isSigned="true" val="128"/></value>
    </values>
  </arg>
</fCall>
<fCall name="printf" global="true" numArgs="2">
  <arg num="0">
    <values>
      <value type="unknown"/>
    </values>
  </arg>
  <arg num="1">
    <values>
      <value type="unknown"/>
    </values>
  </arg>
</fCall>
<fCall name="_readinline" global="true" numArgs="2">
  <arg num="0">
    <values>
      <value type="unknown"/>
    </values>
  </arg>
  <arg num="1">
    <values>
      <value type="intval"><intval isSigned="true" val="128"/></value>
    </values>
  </arg>
</fCall>
<fCall name="pow" global="true" numArgs="2">
  <arg num="0">
    <values>
      <value type="intval"><intval isSigned="true" val="2"/></value>
    </values>
  </arg>
  <arg num="1">
    <values>
      <value type="unknown"/>
    </values>
  </arg>
</fCall>
<fCall name="mod" global="true" numArgs="2">
  <arg num="0">
    <values>
      <value type="unknown"/>
    </values>
  </arg>
  <arg num="1">
    <values>
      <value type="intval"><intval isSigned="true" val="8"/></value>
    </values>
  </arg>
</fCall>
<fCall name="_closeinpgm" global="true" numArgs="0">
</fCall>
<fCall name="printf" global="true" numArgs="1">
  <arg num="0">
    <values>
      <value type="unknown"/>
    </values>
  </arg>
</fCall>
<fCall name="mod" global="true" numArgs="2">
  <arg num="0">
    <values>
      <value type="unknown"/>
    </values>
  </arg>
  <arg num="1">
    <values>
      <value type="intval"><intval isSigned="true" val="8"/></value>
    </values>
  </arg>
</fCall>
<fCall name="bitSet" global="true" numArgs="2">
  <arg num="0">
    <passThroughArg param="0" caller="neighbours" global="true"/>
    <values>
    </values>
  </arg>
  <arg num="1">
    <values>
      <value type="unknown"/>
    </values>
  </arg>
</fCall>
<fCall name="bitSet" global="true" numArgs="2">
  <arg num="0">
    <passThroughArg param="1" caller="neighbours" global="true"/>
    <values>
    </values>
  </arg>
  <arg num="1">
    <values>
      <value type="unknown"/>
    </values>
  </arg>
</fCall>
<fCall name="bitSet" global="true" numArgs="2">
  <arg num="0">
    <passThroughArg param="2" caller="neighbours" global="true"/>
    <values>
    </values>
  </arg>
  <arg num="1">
    <values>
      <value type="unknown"/>
    </values>
  </arg>
</fCall>
<fCall name="bitSet" global="true" numArgs="2">
  <arg num="0">
    <passThroughArg param="1" caller="neighbours" global="true"/>
    <values>
    </values>
  </arg>
  <arg num="1">
    <values>
      <value type="unknown"/>
    </values>
  </arg>
</fCall>
<fCall name="mod" global="true" numArgs="2">
  <arg num="0">
    <values>
      <value type="unknown"/>
    </values>
  </arg>
  <arg num="1">
    <values>
      <value type="intval"><intval isSigned="true" val="8"/></value>
    </values>
  </arg>
</fCall>
<fCall name="bitSet" global="true" numArgs="2">
  <arg num="0">
    <passThroughArg param="0" caller="moreNeighboursLeft" global="true"/>
    <values>
    </values>
  </arg>
  <arg num="1">
    <values>
      <value type="unknown"/>
    </values>
  </arg>
</fCall>
<fCall name="bitSet" global="true" numArgs="2">
  <arg num="0">
    <passThroughArg param="1" caller="moreNeighboursLeft" global="true"/>
    <values>
    </values>
  </arg>
  <arg num="1">
    <values>
      <value type="unknown"/>
    </values>
  </arg>
</fCall>
<fCall name="bitSet" global="true" numArgs="2">
  <arg num="0">
    <passThroughArg param="2" caller="moreNeighboursLeft" global="true"/>
    <values>
    </values>
  </arg>
  <arg num="1">
    <values>
      <value type="unknown"/>
    </values>
  </arg>
</fCall>
<fCall name="bitSet" global="true" numArgs="2">
  <arg num="0">
    <passThroughArg param="3" caller="moreNeighboursLeft" global="true"/>
    <values>
    </values>
  </arg>
  <arg num="1">
    <values>
      <value type="intval"><intval isSigned="true" val="0"/></value>
    </values>
  </arg>
</fCall>
<fCall name="bitSet" global="true" numArgs="2">
  <arg num="0">
    <passThroughArg param="4" caller="moreNeighboursLeft" global="true"/>
    <values>
    </values>
  </arg>
  <arg num="1">
    <values>
      <value type="intval"><intval isSigned="true" val="0"/></value>
    </values>
  </arg>
</fCall>
<fCall name="bitSet" global="true" numArgs="2">
  <arg num="0">
    <passThroughArg param="5" caller="moreNeighboursLeft" global="true"/>
    <values>
    </values>
  </arg>
  <arg num="1">
    <values>
      <value type="intval"><intval isSigned="true" val="0"/></value>
    </values>
  </arg>
</fCall>
<fCall name="bitSet" global="true" numArgs="2">
  <arg num="0">
    <passThroughArg param="1" caller="moreNeighboursLeft" global="true"/>
    <values>
    </values>
  </arg>
  <arg num="1">
    <values>
      <value type="unknown"/>
    </values>
  </arg>
</fCall>
<fCall name="mod" global="true" numArgs="2">
  <arg num="0">
    <values>
      <value type="unknown"/>
    </values>
  </arg>
  <arg num="1">
    <values>
      <value type="intval"><intval isSigned="true" val="8"/></value>
    </values>
  </arg>
</fCall>
<fCall name="bitSet" global="true" numArgs="2">
  <arg num="0">
    <passThroughArg param="0" caller="moreNeighboursRight" global="true"/>
    <values>
    </values>
  </arg>
  <arg num="1">
    <values>
      <value type="unknown"/>
    </values>
  </arg>
</fCall>
<fCall name="bitSet" global="true" numArgs="2">
  <arg num="0">
    <passThroughArg param="1" caller="moreNeighboursRight" global="true"/>
    <values>
    </values>
  </arg>
  <arg num="1">
    <values>
      <value type="unknown"/>
    </values>
  </arg>
</fCall>
<fCall name="bitSet" global="true" numArgs="2">
  <arg num="0">
    <passThroughArg param="2" caller="moreNeighboursRight" global="true"/>
    <values>
    </values>
  </arg>
  <arg num="1">
    <values>
      <value type="unknown"/>
    </values>
  </arg>
</fCall>
<fCall name="bitSet" global="true" numArgs="2">
  <arg num="0">
    <passThroughArg param="3" caller="moreNeighboursRight" global="true"/>
    <values>
    </values>
  </arg>
  <arg num="1">
    <values>
      <value type="intval"><intval isSigned="true" val="7"/></value>
    </values>
  </arg>
</fCall>
<fCall name="bitSet" global="true" numArgs="2">
  <arg num="0">
    <passThroughArg param="4" caller="moreNeighboursRight" global="true"/>
    <values>
    </values>
  </arg>
  <arg num="1">
    <values>
      <value type="intval"><intval isSigned="true" val="7"/></value>
    </values>
  </arg>
</fCall>
<fCall name="bitSet" global="true" numArgs="2">
  <arg num="0">
    <passThroughArg param="5" caller="moreNeighboursRight" global="true"/>
    <values>
    </values>
  </arg>
  <arg num="1">
    <values>
      <value type="intval"><intval isSigned="true" val="7"/></value>
    </values>
  </arg>
</fCall>
<fCall name="bitSet" global="true" numArgs="2">
  <arg num="0">
    <passThroughArg param="1" caller="moreNeighboursRight" global="true"/>
    <values>
    </values>
  </arg>
  <arg num="1">
    <values>
      <value type="unknown"/>
    </values>
  </arg>
</fCall>
<fCall name="printf" global="true" numArgs="3">
  <arg num="0">
    <values>
      <value type="unknown"/>
    </values>
  </arg>
  <arg num="1">
    <values>
      <value type="intval"><intval isSigned="true" val="128"/></value>
    </values>
  </arg>
  <arg num="2">
    <values>
      <value type="intval"><intval isSigned="true" val="128"/></value>
    </values>
  </arg>
</fCall>
<fCall name="printf" global="true" numArgs="1">
  <arg num="0">
    <values>
      <value type="unknown"/>
    </values>
  </arg>
</fCall>
<fCall name="mod" global="true" numArgs="2">
  <arg num="0">
    <values>
      <value type="unknown"/>
    </values>
  </arg>
  <arg num="1">
    <values>
      <value type="intval"><intval isSigned="true" val="2"/></value>
    </values>
  </arg>
</fCall>
<fCall name="mod" global="true" numArgs="2">
  <arg num="0">
    <values>
      <value type="unknown"/>
    </values>
  </arg>
  <arg num="1">
    <values>
      <value type="intval"><intval isSigned="true" val="16"/></value>
    </values>
  </arg>
</fCall>
<fCall name="mod" global="true" numArgs="2">
  <arg num="0">
    <values>
      <value type="unknown"/>
    </values>
  </arg>
  <arg num="1">
    <values>
      <value type="intval"><intval isSigned="true" val="16"/></value>
    </values>
  </arg>
</fCall>
<fCall name="mod" global="true" numArgs="2">
  <arg num="0">
    <values>
      <value type="unknown"/>
    </values>
  </arg>
  <arg num="1">
    <values>
      <value type="intval"><intval isSigned="true" val="16"/></value>
    </values>
  </arg>
</fCall>
<fCall name="mod" global="true" numArgs="2">
  <arg num="0">
    <values>
      <value type="unknown"/>
    </values>
  </arg>
  <arg num="1">
    <values>
      <value type="intval"><intval isSigned="true" val="16"/></value>
    </values>
  </arg>
</fCall>
<fCall name="mod" global="true" numArgs="2">
  <arg num="0">
    <values>
      <value type="unknown"/>
    </values>
  </arg>
  <arg num="1">
    <values>
      <value type="intval"><intval isSigned="true" val="16"/></value>
    </values>
  </arg>
</fCall>
<fCall name="mod" global="true" numArgs="2">
  <arg num="0">
    <values>
      <value type="unknown"/>
    </values>
  </arg>
  <arg num="1">
    <values>
      <value type="intval"><intval isSigned="true" val="16"/></value>
    </values>
  </arg>
</fCall>
<fCall name="mod" global="true" numArgs="2">
  <arg num="0">
    <values>
      <value type="unknown"/>
    </values>
  </arg>
  <arg num="1">
    <values>
      <value type="intval"><intval isSigned="true" val="16"/></value>
    </values>
  </arg>
</fCall>
<fCall name="mod" global="true" numArgs="2">
  <arg num="0">
    <values>
      <value type="unknown"/>
    </values>
  </arg>
  <arg num="1">
    <values>
      <value type="intval"><intval isSigned="true" val="16"/></value>
    </values>
  </arg>
</fCall>
<fCall name="mod" global="true" numArgs="2">
  <arg num="0">
    <values>
      <value type="unknown"/>
    </values>
  </arg>
  <arg num="1">
    <values>
      <value type="intval"><intval isSigned="true" val="16"/></value>
    </values>
  </arg>
</fCall>
<fCall name="mod" global="true" numArgs="2">
  <arg num="0">
    <values>
      <value type="unknown"/>
    </values>
  </arg>
  <arg num="1">
    <values>
      <value type="intval"><intval isSigned="true" val="16"/></value>
    </values>
  </arg>
</fCall>
<fCall name="mod" global="true" numArgs="2">
  <arg num="0">
    <values>
      <value type="unknown"/>
    </values>
  </arg>
  <arg num="1">
    <values>
      <value type="intval"><intval isSigned="true" val="16"/></value>
    </values>
  </arg>
</fCall>
<fCall name="mod" global="true" numArgs="2">
  <arg num="0">
    <values>
      <value type="unknown"/>
    </values>
  </arg>
  <arg num="1">
    <values>
      <value type="intval"><intval isSigned="true" val="16"/></value>
    </values>
  </arg>
</fCall>
<fCall name="mod" global="true" numArgs="2">
  <arg num="0">
    <values>
      <value type="unknown"/>
    </values>
  </arg>
  <arg num="1">
    <values>
      <value type="intval"><intval isSigned="true" val="16"/></value>
    </values>
  </arg>
</fCall>
<fCall name="mod" global="true" numArgs="2">
  <arg num="0">
    <values>
      <value type="unknown"/>
    </values>
  </arg>
  <arg num="1">
    <values>
      <value type="intval"><intval isSigned="true" val="16"/></value>
    </values>
  </arg>
</fCall>
<fCall name="mod" global="true" numArgs="2">
  <arg num="0">
    <values>
      <value type="unknown"/>
    </values>
  </arg>
  <arg num="1">
    <values>
      <value type="intval"><intval isSigned="true" val="16"/></value>
    </values>
  </arg>
</fCall>
<fCall name="mod" global="true" numArgs="2">
  <arg num="0">
    <values>
      <value type="unknown"/>
    </values>
  </arg>
  <arg num="1">
    <values>
      <value type="intval"><intval isSigned="true" val="16"/></value>
    </values>
  </arg>
</fCall>
<fCall name="mod" global="true" numArgs="2">
  <arg num="0">
    <values>
      <value type="unknown"/>
    </values>
  </arg>
  <arg num="1">
    <values>
      <value type="intval"><intval isSigned="true" val="16"/></value>
    </values>
  </arg>
</fCall>
<fCall name="mod" global="true" numArgs="2">
  <arg num="0">
    <values>
      <value type="unknown"/>
    </values>
  </arg>
  <arg num="1">
    <values>
      <value type="intval"><intval isSigned="true" val="16"/></value>
    </values>
  </arg>
</fCall>
<fCall name="mod" global="true" numArgs="2">
  <arg num="0">
    <values>
      <value type="unknown"/>
    </values>
  </arg>
  <arg num="1">
    <values>
      <value type="intval"><intval isSigned="true" val="16"/></value>
    </values>
  </arg>
</fCall>
<fCall name="mod" global="true" numArgs="2">
  <arg num="0">
    <values>
      <value type="unknown"/>
    </values>
  </arg>
  <arg num="1">
    <values>
      <value type="intval"><intval isSigned="true" val="16"/></value>
    </values>
  </arg>
</fCall>
<fCall name="mod" global="true" numArgs="2">
  <arg num="0">
    <values>
      <value type="unknown"/>
    </values>
  </arg>
  <arg num="1">
    <values>
      <value type="intval"><intval isSigned="true" val="16"/></value>
    </values>
  </arg>
</fCall>
<fCall name="mod" global="true" numArgs="2">
  <arg num="0">
    <values>
      <value type="unknown"/>
    </values>
  </arg>
  <arg num="1">
    <values>
      <value type="intval"><intval isSigned="true" val="16"/></value>
    </values>
  </arg>
</fCall>
<fCall name="printf" global="true" numArgs="1">
  <arg num="0">
    <values>
      <value type="unknown"/>
    </values>
  </arg>
</fCall>
<fCall name="printf" global="true" numArgs="4">
  <arg num="0">
    <values>
      <value type="unknown"/>
    </values>
  </arg>
  <arg num="1">
    <values>
      <value type="unknown"/>
    </values>
  </arg>
  <arg num="2">
    <values>
      <value type="unknown"/>
    </values>
  </arg>
  <arg num="3">
    <values>
      <value type="unknown"/>
    </values>
  </arg>
</fCall>
<fCall name="printf" global="true" numArgs="1">
  <arg num="0">
    <values>
      <value type="unknown"/>
    </values>
  </arg>
</fCall>
<fCall name="printf" global="true" numArgs="2">
  <arg num="0">
    <values>
      <value type="unknown"/>
    </values>
  </arg>
  <arg num="1">
    <values>
      <value type="unknown"/>
    </values>
  </arg>
</fCall>
<fCall name="printf" global="true" numArgs="1">
  <arg num="0">
    <values>
      <value type="unknown"/>
    </values>
  </arg>
</fCall>
<fCall name="mod" global="true" numArgs="2">
  <arg num="0">
    <values>
      <value type="unknown"/>
    </values>
  </arg>
  <arg num="1">
    <values>
      <value type="intval"><intval isSigned="true" val="8"/></value>
    </values>
  </arg>
</fCall>
<fCall name="mod" global="true" numArgs="2">
  <arg num="0">
    <values>
      <value type="unknown"/>
    </values>
  </arg>
  <arg num="1">
    <values>
      <value type="intval"><intval isSigned="true" val="128"/></value>
    </values>
  </arg>
</fCall>
<fCall name="mod" global="true" numArgs="2">
  <arg num="0">
    <values>
      <value type="unknown"/>
    </values>
  </arg>
  <arg num="1">
    <values>
      <value type="intval"><intval isSigned="true" val="8"/></value>
    </values>
  </arg>
</fCall>
<fCall name="moreNeighboursLeft" global="true" numArgs="7">
  <arg num="0">
    <values>
      <value type="unknown"/>
    </values>
  </arg>
  <arg num="1">
    <values>
      <value type="unknown"/>
    </values>
  </arg>
  <arg num="2">
    <values>
      <value type="unknown"/>
    </values>
  </arg>
  <arg num="3">
    <values>
      <value type="unknown"/>
    </values>
  </arg>
  <arg num="4">
    <values>
      <value type="unknown"/>
    </values>
  </arg>
  <arg num="5">
    <values>
      <value type="unknown"/>
    </values>
  </arg>
  <arg num="6">
    <values>
      <value type="unknown"/>
    </values>
  </arg>
</fCall>
<fCall name="mod" global="true" numArgs="2">
  <arg num="0">
    <values>
      <value type="unknown"/>
    </values>
  </arg>
  <arg num="1">
    <values>
      <value type="intval"><intval isSigned="true" val="128"/></value>
    </values>
  </arg>
</fCall>
<fCall name="mod" global="true" numArgs="2">
  <arg num="0">
    <values>
      <value type="unknown"/>
    </values>
  </arg>
  <arg num="1">
    <values>
      <value type="intval"><intval isSigned="true" val="128"/></value>
    </values>
  </arg>
</fCall>
<fCall name="mod" global="true" numArgs="2">
  <arg num="0">
    <values>
      <value type="unknown"/>
    </values>
  </arg>
  <arg num="1">
    <values>
      <value type="intval"><intval isSigned="true" val="128"/></value>
    </values>
  </arg>
</fCall>
<fCall name="mod" global="true" numArgs="2">
  <arg num="0">
    <values>
      <value type="unknown"/>
    </values>
  </arg>
  <arg num="1">
    <values>
      <value type="intval"><intval isSigned="true" val="16"/></value>
    </values>
  </arg>
</fCall>
<fCall name="mod" global="true" numArgs="2">
  <arg num="0">
    <values>
      <value type="unknown"/>
    </values>
  </arg>
  <arg num="1">
    <values>
      <value type="intval"><intval isSigned="true" val="128"/></value>
    </values>
  </arg>
</fCall>
<fCall name="mod" global="true" numArgs="2">
  <arg num="0">
    <values>
      <value type="unknown"/>
    </values>
  </arg>
  <arg num="1">
    <values>
      <value type="intval"><intval isSigned="true" val="16"/></value>
    </values>
  </arg>
</fCall>
<fCall name="mod" global="true" numArgs="2">
  <arg num="0">
    <values>
      <value type="unknown"/>
    </values>
  </arg>
  <arg num="1">
    <values>
      <value type="intval"><intval isSigned="true" val="128"/></value>
    </values>
  </arg>
</fCall>
<fCall name="mod" global="true" numArgs="2">
  <arg num="0">
    <values>
      <value type="unknown"/>
    </values>
  </arg>
  <arg num="1">
    <values>
      <value type="intval"><intval isSigned="true" val="16"/></value>
    </values>
  </arg>
</fCall>
<fCall name="mod" global="true" numArgs="2">
  <arg num="0">
    <values>
      <value type="unknown"/>
    </values>
  </arg>
  <arg num="1">
    <values>
      <value type="intval"><intval isSigned="true" val="128"/></value>
    </values>
  </arg>
</fCall>
<fCall name="mod" global="true" numArgs="2">
  <arg num="0">
    <values>
      <value type="unknown"/>
    </values>
  </arg>
  <arg num="1">
    <values>
      <value type="intval"><intval isSigned="true" val="8"/></value>
    </values>
  </arg>
</fCall>
<fCall name="moreNeighboursRight" global="true" numArgs="7">
  <arg num="0">
    <values>
      <value type="unknown"/>
    </values>
  </arg>
  <arg num="1">
    <values>
      <value type="unknown"/>
    </values>
  </arg>
  <arg num="2">
    <values>
      <value type="unknown"/>
    </values>
  </arg>
  <arg num="3">
    <values>
      <value type="unknown"/>
    </values>
  </arg>
  <arg num="4">
    <values>
      <value type="unknown"/>
    </values>
  </arg>
  <arg num="5">
    <values>
      <value type="unknown"/>
    </values>
  </arg>
  <arg num="6">
    <values>
      <value type="unknown"/>
    </values>
  </arg>
</fCall>
<fCall name="mod" global="true" numArgs="2">
  <arg num="0">
    <values>
      <value type="unknown"/>
    </values>
  </arg>
  <arg num="1">
    <values>
      <value type="intval"><intval isSigned="true" val="128"/></value>
    </values>
  </arg>
</fCall>
<fCall name="mod" global="true" numArgs="2">
  <arg num="0">
    <values>
      <value type="unknown"/>
    </values>
  </arg>
  <arg num="1">
    <values>
      <value type="intval"><intval isSigned="true" val="128"/></value>
    </values>
  </arg>
</fCall>
<fCall name="mod" global="true" numArgs="2">
  <arg num="0">
    <values>
      <value type="unknown"/>
    </values>
  </arg>
  <arg num="1">
    <values>
      <value type="intval"><intval isSigned="true" val="128"/></value>
    </values>
  </arg>
</fCall>
<fCall name="mod" global="true" numArgs="2">
  <arg num="0">
    <values>
      <value type="unknown"/>
    </values>
  </arg>
  <arg num="1">
    <values>
      <value type="intval"><intval isSigned="true" val="16"/></value>
    </values>
  </arg>
</fCall>
<fCall name="mod" global="true" numArgs="2">
  <arg num="0">
    <values>
      <value type="unknown"/>
    </values>
  </arg>
  <arg num="1">
    <values>
      <value type="intval"><intval isSigned="true" val="128"/></value>
    </values>
  </arg>
</fCall>
<fCall name="mod" global="true" numArgs="2">
  <arg num="0">
    <values>
      <value type="unknown"/>
    </values>
  </arg>
  <arg num="1">
    <values>
      <value type="intval"><intval isSigned="true" val="16"/></value>
    </values>
  </arg>
</fCall>
<fCall name="mod" global="true" numArgs="2">
  <arg num="0">
    <values>
      <value type="unknown"/>
    </values>
  </arg>
  <arg num="1">
    <values>
      <value type="intval"><intval isSigned="true" val="128"/></value>
    </values>
  </arg>
</fCall>
<fCall name="mod" global="true" numArgs="2">
  <arg num="0">
    <values>
      <value type="unknown"/>
    </values>
  </arg>
  <arg num="1">
    <values>
      <value type="intval"><intval isSigned="true" val="16"/></value>
    </values>
  </arg>
</fCall>
<fCall name="mod" global="true" numArgs="2">
  <arg num="0">
    <values>
      <value type="unknown"/>
    </values>
  </arg>
  <arg num="1">
    <values>
      <value type="intval"><intval isSigned="true" val="128"/></value>
    </values>
  </arg>
</fCall>
<fCall name="neighbours" global="true" numArgs="4">
  <arg num="0">
    <values>
      <value type="unknown"/>
    </values>
  </arg>
  <arg num="1">
    <values>
      <value type="unknown"/>
    </values>
  </arg>
  <arg num="2">
    <values>
      <value type="unknown"/>
    </values>
  </arg>
  <arg num="3">
    <values>
      <value type="unknown"/>
    </values>
  </arg>
</fCall>
<fCall name="mod" global="true" numArgs="2">
  <arg num="0">
    <values>
      <value type="unknown"/>
    </values>
  </arg>
  <arg num="1">
    <values>
      <value type="intval"><intval isSigned="true" val="128"/></value>
    </values>
  </arg>
</fCall>
<fCall name="mod" global="true" numArgs="2">
  <arg num="0">
    <values>
      <value type="unknown"/>
    </values>
  </arg>
  <arg num="1">
    <values>
      <value type="intval"><intval isSigned="true" val="128"/></value>
    </values>
  </arg>
</fCall>
<fCall name="mod" global="true" numArgs="2">
  <arg num="0">
    <values>
      <value type="unknown"/>
    </values>
  </arg>
  <arg num="1">
    <values>
      <value type="intval"><intval isSigned="true" val="128"/></value>
    </values>
  </arg>
</fCall>
<fCall name="bitSet" global="true" numArgs="2">
  <arg num="0">
    <values>
      <value type="unknown"/>
    </values>
  </arg>
  <arg num="1">
    <values>
      <value type="unknown"/>
    </values>
  </arg>
</fCall>
<fCall name="mod" global="true" numArgs="2">
  <arg num="0">
    <values>
      <value type="unknown"/>
    </values>
  </arg>
  <arg num="1">
    <values>
      <value type="intval"><intval isSigned="true" val="8"/></value>
    </values>
  </arg>
</fCall>
<fCall name="pow" global="true" numArgs="2">
  <arg num="0">
    <values>
      <value type="intval"><intval isSigned="true" val="2"/></value>
    </values>
  </arg>
  <arg num="1">
    <values>
      <value type="unknown"/>
    </values>
  </arg>
</fCall>
<fCall name="mod" global="true" numArgs="2">
  <arg num="0">
    <values>
      <value type="unknown"/>
    </values>
  </arg>
  <arg num="1">
    <values>
      <value type="intval"><intval isSigned="true" val="8"/></value>
    </values>
  </arg>
</fCall>
<fCall name="bitSet" global="true" numArgs="2">
  <arg num="0">
    <values>
      <value type="unknown"/>
    </values>
  </arg>
  <arg num="1">
    <values>
      <value type="unknown"/>
    </values>
  </arg>
</fCall>
<fCall name="mod" global="true" numArgs="2">
  <arg num="0">
    <values>
      <value type="unknown"/>
    </values>
  </arg>
  <arg num="1">
    <values>
      <value type="intval"><intval isSigned="true" val="8"/></value>
    </values>
  </arg>
</fCall>
<fCall name="pow" global="true" numArgs="2">
  <arg num="0">
    <values>
      <value type="intval"><intval isSigned="true" val="2"/></value>
    </values>
  </arg>
  <arg num="1">
    <values>
      <value type="unknown"/>
    </values>
  </arg>
</fCall>
<fCall name="mod" global="true" numArgs="2">
  <arg num="0">
    <values>
      <value type="unknown"/>
    </values>
  </arg>
  <arg num="1">
    <values>
      <value type="intval"><intval isSigned="true" val="8"/></value>
    </values>
  </arg>
</fCall>
<fCall name="pow" global="true" numArgs="2">
  <arg num="0">
    <values>
      <value type="intval"><intval isSigned="true" val="2"/></value>
    </values>
  </arg>
  <arg num="1">
    <values>
      <value type="unknown"/>
    </values>
  </arg>
</fCall>
<fCall name="mod" global="true" numArgs="2">
  <arg num="0">
    <values>
      <value type="unknown"/>
    </values>
  </arg>
  <arg num="1">
    <values>
      <value type="intval"><intval isSigned="true" val="8"/></value>
    </values>
  </arg>
</fCall>
<fCall name="mod" global="true" numArgs="2">
  <arg num="0">
    <values>
      <value type="unknown"/>
    </values>
  </arg>
  <arg num="1">
    <values>
      <value type="intval"><intval isSigned="true" val="8"/></value>
    </values>
  </arg>
</fCall>
<fCall name="mod" global="true" numArgs="2">
  <arg num="0">
    <values>
      <value type="unknown"/>
    </values>
  </arg>
  <arg num="1">
    <values>
      <value type="intval"><intval isSigned="true" val="8"/></value>
    </values>
  </arg>
</fCall>
<fCall name="mod" global="true" numArgs="2">
  <arg num="0">
    <values>
      <value type="unknown"/>
    </values>
  </arg>
  <arg num="1">
    <values>
      <value type="intval"><intval isSigned="true" val="128"/></value>
    </values>
  </arg>
</fCall>
<fCall name="mod" global="true" numArgs="2">
  <arg num="0">
    <values>
      <value type="unknown"/>
    </values>
  </arg>
  <arg num="1">
    <values>
      <value type="intval"><intval isSigned="true" val="8"/></value>
    </values>
  </arg>
</fCall>
<fCall name="moreNeighboursLeft" global="true" numArgs="7">
  <arg num="0">
    <values>
      <value type="unknown"/>
    </values>
  </arg>
  <arg num="1">
    <values>
      <value type="unknown"/>
    </values>
  </arg>
  <arg num="2">
    <values>
      <value type="unknown"/>
    </values>
  </arg>
  <arg num="3">
    <values>
      <value type="unknown"/>
    </values>
  </arg>
  <arg num="4">
    <values>
      <value type="unknown"/>
    </values>
  </arg>
  <arg num="5">
    <values>
      <value type="unknown"/>
    </values>
  </arg>
  <arg num="6">
    <values>
      <value type="unknown"/>
    </values>
  </arg>
</fCall>
<fCall name="mod" global="true" numArgs="2">
  <arg num="0">
    <values>
      <value type="unknown"/>
    </values>
  </arg>
  <arg num="1">
    <values>
      <value type="intval"><intval isSigned="true" val="128"/></value>
    </values>
  </arg>
</fCall>
<fCall name="mod" global="true" numArgs="2">
  <arg num="0">
    <values>
      <value type="unknown"/>
    </values>
  </arg>
  <arg num="1">
    <values>
      <value type="intval"><intval isSigned="true" val="128"/></value>
    </values>
  </arg>
</fCall>
<fCall name="mod" global="true" numArgs="2">
  <arg num="0">
    <values>
      <value type="unknown"/>
    </values>
  </arg>
  <arg num="1">
    <values>
      <value type="intval"><intval isSigned="true" val="128"/></value>
    </values>
  </arg>
</fCall>
<fCall name="mod" global="true" numArgs="2">
  <arg num="0">
    <values>
      <value type="unknown"/>
    </values>
  </arg>
  <arg num="1">
    <values>
      <value type="intval"><intval isSigned="true" val="16"/></value>
    </values>
  </arg>
</fCall>
<fCall name="mod" global="true" numArgs="2">
  <arg num="0">
    <values>
      <value type="unknown"/>
    </values>
  </arg>
  <arg num="1">
    <values>
      <value type="intval"><intval isSigned="true" val="128"/></value>
    </values>
  </arg>
</fCall>
<fCall name="mod" global="true" numArgs="2">
  <arg num="0">
    <values>
      <value type="unknown"/>
    </values>
  </arg>
  <arg num="1">
    <values>
      <value type="intval"><intval isSigned="true" val="16"/></value>
    </values>
  </arg>
</fCall>
<fCall name="mod" global="true" numArgs="2">
  <arg num="0">
    <values>
      <value type="unknown"/>
    </values>
  </arg>
  <arg num="1">
    <values>
      <value type="intval"><intval isSigned="true" val="128"/></value>
    </values>
  </arg>
</fCall>
<fCall name="mod" global="true" numArgs="2">
  <arg num="0">
    <values>
      <value type="unknown"/>
    </values>
  </arg>
  <arg num="1">
    <values>
      <value type="intval"><intval isSigned="true" val="16"/></value>
    </values>
  </arg>
</fCall>
<fCall name="mod" global="true" numArgs="2">
  <arg num="0">
    <values>
      <value type="unknown"/>
    </values>
  </arg>
  <arg num="1">
    <values>
      <value type="intval"><intval isSigned="true" val="128"/></value>
    </values>
  </arg>
</fCall>
<fCall name="mod" global="true" numArgs="2">
  <arg num="0">
    <values>
      <value type="unknown"/>
    </values>
  </arg>
  <arg num="1">
    <values>
      <value type="intval"><intval isSigned="true" val="8"/></value>
    </values>
  </arg>
</fCall>
<fCall name="moreNeighboursRight" global="true" numArgs="7">
  <arg num="0">
    <values>
      <value type="unknown"/>
    </values>
  </arg>
  <arg num="1">
    <values>
      <value type="unknown"/>
    </values>
  </arg>
  <arg num="2">
    <values>
      <value type="unknown"/>
    </values>
  </arg>
  <arg num="3">
    <values>
      <value type="unknown"/>
    </values>
  </arg>
  <arg num="4">
    <values>
      <value type="unknown"/>
    </values>
  </arg>
  <arg num="5">
    <values>
      <value type="unknown"/>
    </values>
  </arg>
  <arg num="6">
    <values>
      <value type="unknown"/>
    </values>
  </arg>
</fCall>
<fCall name="mod" global="true" numArgs="2">
  <arg num="0">
    <values>
      <value type="unknown"/>
    </values>
  </arg>
  <arg num="1">
    <values>
      <value type="intval"><intval isSigned="true" val="128"/></value>
    </values>
  </arg>
</fCall>
<fCall name="mod" global="true" numArgs="2">
  <arg num="0">
    <values>
      <value type="unknown"/>
    </values>
  </arg>
  <arg num="1">
    <values>
      <value type="intval"><intval isSigned="true" val="128"/></value>
    </values>
  </arg>
</fCall>
<fCall name="mod" global="true" numArgs="2">
  <arg num="0">
    <values>
      <value type="unknown"/>
    </values>
  </arg>
  <arg num="1">
    <values>
      <value type="intval"><intval isSigned="true" val="128"/></value>
    </values>
  </arg>
</fCall>
<fCall name="mod" global="true" numArgs="2">
  <arg num="0">
    <values>
      <value type="unknown"/>
    </values>
  </arg>
  <arg num="1">
    <values>
      <value type="intval"><intval isSigned="true" val="16"/></value>
    </values>
  </arg>
</fCall>
<fCall name="mod" global="true" numArgs="2">
  <arg num="0">
    <values>
      <value type="unknown"/>
    </values>
  </arg>
  <arg num="1">
    <values>
      <value type="intval"><intval isSigned="true" val="128"/></value>
    </values>
  </arg>
</fCall>
<fCall name="mod" global="true" numArgs="2">
  <arg num="0">
    <values>
      <value type="unknown"/>
    </values>
  </arg>
  <arg num="1">
    <values>
      <value type="intval"><intval isSigned="true" val="16"/></value>
    </values>
  </arg>
</fCall>
<fCall name="mod" global="true" numArgs="2">
  <arg num="0">
    <values>
      <value type="unknown"/>
    </values>
  </arg>
  <arg num="1">
    <values>
      <value type="intval"><intval isSigned="true" val="128"/></value>
    </values>
  </arg>
</fCall>
<fCall name="mod" global="true" numArgs="2">
  <arg num="0">
    <values>
      <value type="unknown"/>
    </values>
  </arg>
  <arg num="1">
    <values>
      <value type="intval"><intval isSigned="true" val="16"/></value>
    </values>
  </arg>
</fCall>
<fCall name="mod" global="true" numArgs="2">
  <arg num="0">
    <values>
      <value type="unknown"/>
    </values>
  </arg>
  <arg num="1">
    <values>
      <value type="intval"><intval isSigned="true" val="128"/></value>
    </values>
  </arg>
</fCall>
<fCall name="neighbours" global="true" numArgs="4">
  <arg num="0">
    <values>
      <value type="unknown"/>
    </values>
  </arg>
  <arg num="1">
    <values>
      <value type="unknown"/>
    </values>
  </arg>
  <arg num="2">
    <values>
      <value type="unknown"/>
    </values>
  </arg>
  <arg num="3">
    <values>
      <value type="unknown"/>
    </values>
  </arg>
</fCall>
<fCall name="mod" global="true" numArgs="2">
  <arg num="0">
    <values>
      <value type="unknown"/>
    </values>
  </arg>
  <arg num="1">
    <values>
      <value type="intval"><intval isSigned="true" val="128"/></value>
    </values>
  </arg>
</fCall>
<fCall name="mod" global="true" numArgs="2">
  <arg num="0">
    <values>
      <value type="unknown"/>
    </values>
  </arg>
  <arg num="1">
    <values>
      <value type="intval"><intval isSigned="true" val="128"/></value>
    </values>
  </arg>
</fCall>
<fCall name="mod" global="true" numArgs="2">
  <arg num="0">
    <values>
      <value type="unknown"/>
    </values>
  </arg>
  <arg num="1">
    <values>
      <value type="intval"><intval isSigned="true" val="128"/></value>
    </values>
  </arg>
</fCall>
<fCall name="bitSet" global="true" numArgs="2">
  <arg num="0">
    <values>
      <value type="unknown"/>
    </values>
  </arg>
  <arg num="1">
    <values>
      <value type="unknown"/>
    </values>
  </arg>
</fCall>
<fCall name="mod" global="true" numArgs="2">
  <arg num="0">
    <values>
      <value type="unknown"/>
    </values>
  </arg>
  <arg num="1">
    <values>
      <value type="intval"><intval isSigned="true" val="8"/></value>
    </values>
  </arg>
</fCall>
<fCall name="pow" global="true" numArgs="2">
  <arg num="0">
    <values>
      <value type="intval"><intval isSigned="true" val="2"/></value>
    </values>
  </arg>
  <arg num="1">
    <values>
      <value type="unknown"/>
    </values>
  </arg>
</fCall>
<fCall name="mod" global="true" numArgs="2">
  <arg num="0">
    <values>
      <value type="unknown"/>
    </values>
  </arg>
  <arg num="1">
    <values>
      <value type="intval"><intval isSigned="true" val="8"/></value>
    </values>
  </arg>
</fCall>
<fCall name="bitSet" global="true" numArgs="2">
  <arg num="0">
    <values>
      <value type="unknown"/>
    </values>
  </arg>
  <arg num="1">
    <values>
      <value type="unknown"/>
    </values>
  </arg>
</fCall>
<fCall name="mod" global="true" numArgs="2">
  <arg num="0">
    <values>
      <value type="unknown"/>
    </values>
  </arg>
  <arg num="1">
    <values>
      <value type="intval"><intval isSigned="true" val="8"/></value>
    </values>
  </arg>
</fCall>
<fCall name="pow" global="true" numArgs="2">
  <arg num="0">
    <values>
      <value type="intval"><intval isSigned="true" val="2"/></value>
    </values>
  </arg>
  <arg num="1">
    <values>
      <value type="unknown"/>
    </values>
  </arg>
</fCall>
<fCall name="mod" global="true" numArgs="2">
  <arg num="0">
    <values>
      <value type="unknown"/>
    </values>
  </arg>
  <arg num="1">
    <values>
      <value type="intval"><intval isSigned="true" val="8"/></value>
    </values>
  </arg>
</fCall>
<fCall name="pow" global="true" numArgs="2">
  <arg num="0">
    <values>
      <value type="intval"><intval isSigned="true" val="2"/></value>
    </values>
  </arg>
  <arg num="1">
    <values>
      <value type="unknown"/>
    </values>
  </arg>
</fCall>
<fCall name="mod" global="true" numArgs="2">
  <arg num="0">
    <values>
      <value type="unknown"/>
    </values>
  </arg>
  <arg num="1">
    <values>
      <value type="intval"><intval isSigned="true" val="8"/></value>
    </values>
  </arg>
</fCall>
<fCall name="mod" global="true" numArgs="2">
  <arg num="0">
    <values>
      <value type="unknown"/>
    </values>
  </arg>
  <arg num="1">
    <values>
      <value type="intval"><intval isSigned="true" val="8"/></value>
    </values>
  </arg>
</fCall>
<fCall name="__builtin_timer_after" global="true" numArgs="2">
  <arg num="0">
    <values>
      <value type="unknown"/>
    </values>
  </arg>
  <arg num="1">
    <values>
      <value type="unknown"/>
    </values>
  </arg>
</fCall>
<fCall name="_openoutpgm" global="true" numArgs="3">
  <arg num="0">
    <values>
      <value type="unknown"/>
    </values>
  </arg>
  <arg num="1">
    <values>
      <value type="intval"><intval isSigned="true" val="128"/></value>
    </values>
  </arg>
  <arg num="2">
    <values>
      <value type="intval"><intval isSigned="true" val="128"/></value>
    </values>
  </arg>
</fCall>
<fCall name="printf" global="true" numArgs="2">
  <arg num="0">
    <values>
      <value type="unknown"/>
    </values>
  </arg>
  <arg num="1">
    <values>
      <value type="unknown"/>
    </values>
  </arg>
</fCall>
<fCall name="bitSet" global="true" numArgs="2">
  <arg num="0">
    <values>
      <value type="unknown"/>
    </values>
  </arg>
  <arg num="1">
    <values>
      <value type="unknown"/>
    </values>
  </arg>
</fCall>
<fCall name="mod" global="true" numArgs="2">
  <arg num="0">
    <values>
      <value type="unknown"/>
    </values>
  </arg>
  <arg num="1">
    <values>
      <value type="intval"><intval isSigned="true" val="8"/></value>
    </values>
  </arg>
</fCall>
<fCall name="_writeoutline" global="true" numArgs="2">
  <arg num="0">
    <values>
      <value type="unknown"/>
    </values>
  </arg>
  <arg num="1">
    <values>
      <value type="intval"><intval isSigned="true" val="128"/></value>
    </values>
  </arg>
</fCall>
<fCall name="_closeoutpgm" global="true" numArgs="0">
</fCall>
<fCall name="write_reg" global="true" numArgs="4">
  <arg num="0">
    <passThroughArg param="0" caller="orientation" global="true"/>
    <values>
    </values>
  </arg>
  <arg num="1">
    <values>
      <value type="intval"><intval isSigned="true" val="30"/></value>
    </values>
  </arg>
  <arg num="2">
    <values>
      <value type="intval"><intval isSigned="true" val="14"/></value>
    </values>
  </arg>
  <arg num="3">
    <values>
      <value type="intval"><intval isSigned="true" val="1"/></value>
    </values>
  </arg>
</fCall>
<fCall name="printf" global="true" numArgs="1">
  <arg num="0">
    <values>
      <value type="unknown"/>
    </values>
  </arg>
</fCall>
<fCall name="write_reg" global="true" numArgs="4">
  <arg num="0">
    <passThroughArg param="0" caller="orientation" global="true"/>
    <values>
    </values>
  </arg>
  <arg num="1">
    <values>
      <value type="intval"><intval isSigned="true" val="30"/></value>
    </values>
  </arg>
  <arg num="2">
    <values>
      <value type="intval"><intval isSigned="true" val="42"/></value>
    </values>
  </arg>
  <arg num="3">
    <values>
      <value type="intval"><intval isSigned="true" val="1"/></value>
    </values>
  </arg>
</fCall>
<fCall name="printf" global="true" numArgs="1">
  <arg num="0">
    <values>
      <value type="unknown"/>
    </values>
  </arg>
</fCall>
<fCall name="read_reg" global="true" numArgs="4">
  <arg num="0">
    <passThroughArg param="0" caller="orientation" global="true"/>
    <values>
    </values>
  </arg>
  <arg num="1">
    <values>
      <value type="intval"><intval isSigned="true" val="30"/></value>
    </values>
  </arg>
  <arg num="2">
    <values>
      <value type="intval"><intval isSigned="true" val="0"/></value>
    </values>
  </arg>
  <arg num="3">
    <values>
      <value type="unknown"/>
    </values>
  </arg>
</fCall>
<fCall name="read_acceleration" global="true" numArgs="2">
  <arg num="0">
    <passThroughArg param="0" caller="orientation" global="true"/>
    <values>
    </values>
  </arg>
  <arg num="1">
    <values>
      <value type="intval"><intval isSigned="true" val="1"/></value>
    </values>
  </arg>
</fCall>
<fCall name="startButtonListener" global="true" numArgs="3" impId="2">
  <arg num="0">
    <values>
      <value type="unknown"/>
    </values>
  </arg>
  <arg num="1">
    <values>
      <value type="unknown"/>
    </values>
  </arg>
  <arg num="2">
    <values>
      <value type="unknown"/>
    </values>
  </arg>
</fCall>
<fCall name="i2c_master" global="true" numArgs="5" impId="3">
  <arg num="0">
    <values>
      <value type="interface"><interfaceInfo index="0" type="chan" isYielding="false"/></value>
    </values>
  </arg>
  <arg num="1">
    <values>
      <value type="intval"><intval isSigned="true" val="1"/></value>
    </values>
  </arg>
  <arg num="2">
    <values>
      <value type="unknown"/>
    </values>
  </arg>
  <arg num="3">
    <values>
      <value type="unknown"/>
    </values>
  </arg>
  <arg num="4">
    <values>
      <value type="intval"><intval isSigned="true" val="10"/></value>
    </values>
  </arg>
</fCall>
<fCall name="showLEDs" global="true" numArgs="4" impId="4">
  <arg num="0">
    <values>
      <value type="unknown"/>
    </values>
  </arg>
  <arg num="1">
    <values>
      <value type="unknown"/>
    </values>
  </arg>
  <arg num="2">
    <values>
      <value type="unknown"/>
    </values>
  </arg>
  <arg num="3">
    <values>
      <value type="unknown"/>
    </values>
  </arg>
</fCall>
<fCall name="DataInStream" global="true" numArgs="3" impId="5">
  <arg num="0">
    <values>
      <value type="unknown"/>
    </values>
  </arg>
  <arg num="1">
    <values>
      <value type="unknown"/>
    </values>
  </arg>
  <arg num="2">
    <values>
      <value type="unknown"/>
    </values>
  </arg>
</fCall>
<fCall name="DataOutStream" global="true" numArgs="2" impId="6">
  <arg num="0">
    <values>
      <value type="unknown"/>
    </values>
  </arg>
  <arg num="1">
    <values>
      <value type="unknown"/>
    </values>
  </arg>
</fCall>
<fCall name="orientation" global="true" numArgs="2" impId="7">
  <arg num="0">
    <values>
      <value type="interface"><interfaceInfo index="0" type="chan" isYielding="false"/></value>
    </values>
  </arg>
  <arg num="1">
    <values>
      <value type="unknown"/>
    </values>
  </arg>
</fCall>
<fCall name="mytimer" global="true" numArgs="1" impId="8">
  <arg num="0">
    <values>
      <value type="unknown"/>
    </values>
  </arg>
</fCall>
<fCall name="distributor" global="true" numArgs="8" impId="9">
  <arg num="0">
    <values>
      <value type="unknown"/>
    </values>
  </arg>
  <arg num="1">
    <values>
      <value type="unknown"/>
    </values>
  </arg>
  <arg num="2">
    <values>
      <value type="unknown"/>
    </values>
  </arg>
  <arg num="3">
    <values>
      <value type="unknown"/>
    </values>
  </arg>
  <arg num="4">
    <values>
      <value type="unknown"/>
    </values>
  </arg>
  <arg num="5">
    <values>
      <value type="unknown"/>
    </values>
  </arg>
  <arg num="6">
    <values>
      <value type="unknown"/>
    </values>
  </arg>
  <arg num="7">
    <values>
      <value type="unknown"/>
    </values>
  </arg>
</fCall>
<fCall name="worker" global="true" numArgs="1" impId="0">
  <arg num="0">
    <values>
      <value type="unknown"/>
    </values>
  </arg>
</fCall>
<fCall name="worker" global="true" numArgs="1" impId="0">
  <arg num="0">
    <values>
      <value type="unknown"/>
    </values>
  </arg>
</fCall>
<fCall name="worker" global="true" numArgs="1" impId="0">
  <arg num="0">
    <values>
      <value type="unknown"/>
    </values>
  </arg>
</fCall>
<fCall name="worker" global="true" numArgs="1" impId="0">
  <arg num="0">
    <values>
      <value type="unknown"/>
    </values>
  </arg>
</fCall>
<fCall name="asWorker" global="true" numArgs="1" impId="1">
  <arg num="0">
    <values>
      <value type="unknown"/>
    </values>
  </arg>
</fCall>
<fCall name="asWorker" global="true" numArgs="1" impId="1">
  <arg num="0">
    <values>
      <value type="unknown"/>
    </values>
  </arg>
</fCall>
<fCall name="asWorker" global="true" numArgs="1" impId="1">
  <arg num="0">
    <values>
      <value type="unknown"/>
    </values>
  </arg>
</fCall>
<fCall name="asWorker" global="true" numArgs="1" impId="1">
  <arg num="0">
    <values>
      <value type="unknown"/>
    </values>
  </arg>
</fCall>
</preCompilationAnalysis>
